{
  "project_info": {
    "project_number": "984140644677",
    "firebase_url": "https://sendbird-sample.firebaseio.com",
    "project_id": "sendbird-sample",
    "storage_bucket": "sendbird-sample.appspot.com"
  },
  "client": [
    {
      "client_info": {
        "mobilesdk_app_id": "1:984140644677:android:abe06d49c04fba23",
        "android_client_info": {
          "package_name": "com.sendbird.syncmanager.sample"
        }
      },
      "oauth_client": [
        {
          "client_id": "984140644677-75b8ti7rnl9ojhu930phht25emuifkki.apps.googleusercontent.com",
          "client_type": 3
        },
        {
          "client_id": "984140644677-ajrt7j1g982mntarduj22mlq1dberha0.apps.googleusercontent.com",
          "client_type": 3
        }
      ],
      "api_key": [
        {
          "current_key": "AIzaSyDxYBEWhz5XUP8twJaGDE249SlEQUfalIc"
        }
      ],
      "services": {
        "analytics_service": {
          "status": 1
        },
        "appinvite_service": {
          "status": 1,
          "other_platform_oauth_client": []
        },
        "ads_service": {
          "status": 2
        }
      }
    }
  ],
  "configuration_version": "1"
}